state,number of restaurants
CA,1201
TX,811
FL,621
OH,522
GA,420
IL,405
PA,383
MI,374
NY,352
AZ,330
TN,302
NC,295
IN,254
VA,253
MA,205
LA,202
MN,199
WA,196
WI,189
SC,188
MD,172
OK,166
KY,166
MO,163
OR,154
CO,148
NJ,129
NV,121
IA,115
AR,102
NE,87
NM,78
KS,74
WV,70
UT,63
MS,55
CT,53
ID,51
DE,44
SD,42
MT,38
ND,35
NH,34
HI,32
WY,29
ME,25
AK,16
VT,15
RI,15
AL,6
